2012,
2023,
26 de junio,
26-junio,
5G,5G
AA.PP,administraciones públicas
Abierto,abierto
abril 2016,
accesibilidad,accesibilidad
accesibility,
accidentes,accidentes
Acelera pyme,Acelera pyme
acto,acto
adjudicación directa,adjudicación directa
administracion,administración
administración,administración
administración electrónica,administración electrónica
Administración pública,administraciones públicas
Administraciones Públicas,administraciones públicas
administraciones públicas,administraciones públicas
adoptaunaplaya,
AEAT,AEAT
AED,AED
AEMET,AEMET
aemet,AEMET
AEPD,AEPD
aeropuertos,aeropuertos
agenda,agenda
agenda cultural,agenda
Agenda España Digital 2025,Agenda España Digital 2025
agentes,agentes
agreement,
Agricultura,Agricultura
Agricultura inteligente,Agricultura
agriculture,
agua,agua
ahorro,ahorro
AI,
aire,aire
alberto,
Alberto Palomo,
alcaldía,alcaldía
Alcobendas,Alcobendas
alemania,Alemania
alergia,alergia
alertas de tráfico,alertas de tráfico
alfabetización de datos,alfabetización de datos
algorithms,
algorithms?,
algoritmos,algoritmos
algoritmos?,algoritmos
Alianza de Gobierno Abierto,Alianza de Gobierno Abierto
Alimentación,Alimentación
alimentación,Alimentación
alliance,
Almendralejo,Almendralejo
alquiler,alquiler
América Latina,América Latina
ametic,AMETIC
análisis,análisis
análisis de datos,análisis de datos
análisis de redes,análisis de redes
análisis espacil,análisis espacial
Análisis Exploratorio de Datos,análisis exploratorio de datos
análisis exploratorio de datos,análisis exploratorio de datos
análisis imagen,análisis imagen
análisis predictivo,análisis predictivo
analítica,analítica
Analítica de datos,analítica de datos
analítica de datos,analítica de datos
analítica predictiva,análisis predictivo
analítica web,analítica web
anboto,
Andalucía,Andalucía
Android,Android
Anonimización,anonimización
anonimización,anonimización
Aparcamiento,aparcamiento
apellidos,apellidos
API,API
APIs,API
aplicacion,aplicación
aplicación,aplicación
aplicaciones,aplicación
Aporta,Aporta
Aporta 2017,Aporta
APP,app
app,app
app móvil,app
app web,app
application,
applications,
Apps,app
apps,app
aprendizaje automático,aprendizaje automático
Aprendizaje por refuerzo,aprendizaje por refuerzo
Aragón,Aragón
Aragon Open Data,Aragón Open Data
-aragon Open Data,Aragón Open Data
Aragón Open Data,Aragón Open Data
ArcGIS,ArcGIS
archivo topográfico,archivo topográfico
área de influencia,área de influencia
Argentina,Argentina
armonización de datos,armonización de datos
art,
arte,arte
Artificial Intelligence,
artificial intelligence,
ASEDIE,ASEDIE
asedie,ASEDIE
asesoramiento,asesoramiento
asociacion,asociación
asociaciones,asociación
aspectos,
Asturias,Asturias
asturias,Asturias
asuncion,
atascos,atascos
atlas,atlas
Australia,Australia
autobús,autobús
automatización,automatización
autonoma,autónoma
Autores,autores
aviación,aviación
ayudas,ayudas
Ayuntamiento de Barcelona,Ayuntamiento de Barcelona
Ayuntamiento de Cáceres,Ayuntamiento de Cáceres
Ayuntamiento de Gijón,Ayuntamiento de Gijón
Ayuntamiento de Madrid,Ayuntamiento de Madrid
ayuntamiento de madrid,Ayuntamiento de Madrid
Ayuntamiento de Molina de Segura,Ayuntamiento de Molina de Segura
Ayuntamiento de Zaragoza,Ayuntamiento de Zaragoza
ayuntamientos,ayuntamientos
Badajoz,Badajoz
Badajoz Provincial Council,
Badalona,Badalona
Balance,balance
balance,balance
Balance 2017,balance
balance 2022,balance
balnearios,balnearios
balonmano,balonmano
banca,banca
Banco de España,Banco de España
banco españa,Banco de España
Banco Mundial,Banco Mundial
BANE,BANE
Bank of Spain,
banner,banner
Barcelona,Barcelona
barcelona,Barcelona
barrera,barrera
barrios,barrios
bartolome,
base de datos,bases de datos
bases de datos,bases de datos
básico,básico
basque country,
bastidores,bastidores
BBVA,BBVA
berlin,Berlín
berners-lee,
best practices,
Biblioteca,
Biblioteca Nacional de España,Biblioteca Nacional de España
Biblioteca Virtual Miguel de Cervantes,Biblioteca Virtual Miguel de Cervantes
bibliotecas,bibliotecas
bicicletas,bicicletas
bicimetro,bicimetro
bienes digitales,bienes digitales
Bienestar,bienestar
bienestar,bienestar
Big Data,big data
Big data,big data
big data,big data
BigData,big data
Bilbao,Bilbao
bilbao,Bilbao
biocarburantes,biocarburantes
BiodivERsA,BiodivERsA
Biodiversidad,biodiversidad
biodiversidad,biodiversidad
biografia,biografía
bizkaia,Bizkaia
blockchain,blockchain
BNE,BNE
bocyl,BOCYL
BOE,BOE
boletín,boletín
boletín de noticias,boletín
boletín electrónico,boletín
boletín hidrológico,boletín
Boletín Oficial del Estado,Boletín Oficial del Estado
books,
BORME,BORME
bosques,bosques
bpo,BPO
brecha de genero,brecha de género
brecha de género,brecha de género
Bretaña,
Bruselas,Bruselas
buenas prácticas,buenas prácticas
building block,building block
Burriana,Burriana
buscador,buscador
Business Intelligence,business intelligence
Cabildo de La Palma,Cabildo de La Palma
Cáceres,Cáceres
cadena de bloques,cadena de bloques
cairo,
cajeros,cajeros
Calculadora,calculadora
Calidad,calidad
calidad del aire,calidad del aire
calidad del dato,calidad del dato
callejero,callejero
cámaras,cámaras
Cambio climático,cambio climático
cambio climático,cambio climático
Camino,camino
Canadá,Canadá
Canarias,Canarias
canario,canario
Cantabria,Cantabria
caracterización,caracterización
Carburante,carburantes
carburantes,carburantes
carlos,
carnet,carnet
carrerer,
carreteras,carreteras
carril-bici,carril bici
Carta Derechos Digitales,Carta Derechos Digitales
Carta Internacional de Datos Abiertos,Carta Internacional de Datos Abiertos
CartoCiudad,
cartografía,cartografía
casa,casas
casas,casas
Caso de uso,casos de uso
caso práctico,caso práctico
casos de éxito,casos de éxito
Casos de uso,casos de uso
casos de uso,casos de uso
Casos de uso´,casos de uso
Castilla La Mancha,Castilla-La Mancha
Castilla La-Mancha,Castilla-La Mancha
castilla león,Castilla y León
Castilla y León,Castilla y León
catalogación,catalogación
Catalonia,
Catalunya,Catalunya
cataluña,Catalunya
Catastro,Catastro
catastro,Catastro
cátedra,cátedra
cc,
CEF Telecom,CEF Telecom
Centro Nacional de Información Geográfica,Centro Nacional de Información Geográfica
centros de documentación,centros de documentación
centros de lectura,centros de lectura
centros de salud,centros de salud
cercanías,cercanías
Cervantes,
CGD,CGD
challenge,
charges,
Chat GPT,chat GPT
chat gpt-3,chat GPT
Chatbot,chatbots
chatbots,chatbots
ChatGPT,chat GPT
chef,cocina
chief data officer,CDO
Chief Data Officer Day,CDO
ciclismo,ciclismo
ciencia,ciencia
ciencia abierta,ciencia abierta
ciencia ciudadana,ciencia ciudadana
ciencia de datos,ciencia de datos
Ciencia y tecnología,Ciencia y tecnología
ciencia y tecnología,Ciencia y tecnología
científico de datos,científico de datos
Cine,cine
cinematografia,cine
circular economy,
citar,citar
Citizen science,
citizen science,
city,
Ciudad,ciudades
ciudadanía,ciudadanía
ciudades,ciudades
ciudades abierta,ciudades abiertas
Ciudades abiertas,ciudades abiertas
ciudades abiertas,ciudades abiertas
ciudades inteligentes,ciudades inteligentes
CKAN,CKAN
clima,clima
climate change,
cloud,cloud
CNIG,CNIG
cnig,CNIG
CNMC,CNMC
CNMCData,
CNMV,CNMV
co2,co2
coche inteligente,coche inteligente
cocina,cocina
código abierto,código abierto
código libre,código libre
colaboración,colaboración
colaboración ciudadana,colaboración
Colegio,
colegios,colegios
colonizacion,colonizacion
combustible,combustibles
comercial,comercial
comercio,Comercio
comercios,comercios
comision,comisión
comision europea,Comisión Europea
Comisión Europea,Comisión Europea
commerce,
commercial data,
common crawl,common crawl
community,
Comparador,comparador
compartición,compartición de datos
compartición de datos,compartición de datos
Competiciones,competiciones
competiciones,competiciones
competition,
complejos,
complejos industriales,complejos industriales
composición,composición
compra pública,compra pública
comunidad,comunidad
Comunidad R Hispano,Comunidad R Hispano
Comunidad RISP,Comunidad RISP
Comunidades,comunidades de datos
Comunidades de datos,comunidades de datos
comunidades de datos,comunidades de datos
conciliación,conciliación
Concurso,concursos
concurso,concursos
Concursos,concursos
concursos,concursos
conducción,conducción
conectividad,conectividad
conference,
conferencia,conferencias
Conferencia de Datos Abiertos 2015,conferencias
Conferencia Internacional de Reutilización de la Información del Sector Público,conferencias
conferencias,conferencias
congosto,
congreso,congresos
congreso de datos,congresos
congresos,congresos
conjuntos de datos,conjuntos de datos
consulta pública,consultas públicas
Consultas públicas,consultas públicas
consultoría,consultoría
consultorios médicos,consultorios médicos
Consumo de combustibles,combustibles
contabilidad nacional,contabilidad nacional
contaminación,contaminación
contenedores,contenedores
contratación pública,contratación pública
contratos públicos,contratación pública
convenio,convenio
conversión de datos,conversión de datos
convocatoria,convocatoria
Copernicus,Copernicus
Corcho,
coronavirus,coronavirus
corpus lingüísticos,corpus lingüísticos
Correos,Correos
corresponsabilidad,corresponsabilidad
Coruña,A Coruña
costa,costa
costa asturiana,costa asturiana
costa verde,costa verde
Costes laborales,costes laborales
Cotec,Cotec
courses,courses
covid19,covid-19
covid-19,covid-19
créditos,créditos
crowdfunding,crowdfunding
crowdsourcing,crowdsourcing
CRUE,CRUE
CSIC,CSIC
ctic,CTIC
cuaderno de campo,cuaderno de campo
cuadros de mando,cuadros de mando
cultivos,cultivos
cultura,cultura
cultura del dato,cultura del dato
Cultura y Ocio,Cultura y ocio
cultural heritage,
culture,
Culture & Leisure,
cumbre internacional,cumbre internacional
curación,curación
Curso,cursos
curso de verano,cursos
cursos,cursos
cursos online,cursos
cv,
dades obertes,dades obertes
DAMA,DAMA
data,
Data Act,Data Act
data analysis,
data analytics,
data communities,
data culture,
Data Economy,
data economy,
data for good,
Data governance,data governance
data governance,data governance
Data Governance Act,Data Governance Act
data initiatives,
data intermediaries,
data journalism,
Data Law,
data literacy,
Data Office,
data picht,
data policy,
data publishing,
data quality,
data regulation,
data science,
data sharing,
data space,data spaces
data spaces,data spaces
data storytelling,
Data Studio,
Data visualization,
data.europa.eu,data.europa.eu
data.gov.in,data.gov.in
data.gov.uk,data.gov.uk
databeer,Databeers
Databeers,Databeers
databeers,Databeers
Databeers Malaga,Databeers
dataesfera,dataesfera
DATAGRI,DATAGRI
datahon,datathon
Datalab,
datalake,datalake
datamarket,datamarket
datasets,datasets
datasheets,datasheets
Datasheets for datasets,datasheets
dataspaces,data spaces
Datathon,datathon
Datawrapper,
Datebeers,Databeers
dato,datos
Dato Capital infomediaries,
datos,datos
datos abierto,datos abiertos
Datos Abiertos,datos abiertos
datos abiertos,datos abiertos
datos abiertos de investigación,datos abiertos
datos abiertos despoblación barcelona,datos abiertos
datos agregados,datos agregados
datos alto valor,datos de alto valor
datos científicos,datos científicos
datos culturales,datos culturales
datos de alto valor,datos de alto valor
datos de exportaciones,datos de exportaciones
datos de género,datos de género
datos de gobierno abierto,datos de gobierno abierto
datos de investigación,datos de investigación
datos de justicia,datos de justicia
datos de salud,datos de salud
datos de turismo,datos de turismo
datos demográficos,datos demográficos
datos educación,datos de educación
Datos en tiempo real,datos en tiempo real
datos en tiempo real,datos en tiempo real
datos energéticos,datos energéticos
datos energéticos´,datos energéticos
datos enlazados,datos enlazados
Datos espaciales,datos espaciales
datos espaciales,datos espaciales
datos estadísticos,datos estadísticos
datos geoespaciales,datos geoespaciales
datos geograficos,datos geográficos
datos geográficos,datos geográficos
datos georreferenciados,datos georreferenciados
datos hidrológicos,datos hidrológicos
datos jurídicos,datos jurídicos
datos maestros,datos maestros
datos marítimos,datos marítimos
datos masivos,datos masivos
datos médicos,datos médicos
datos medioambientales,datos medioambientales
datos mercantiles,datos mercantiles
datos meteorologicos,datos meteorológicos
datos meteorológicos,datos meteorológicos
datos personales,datos personales
datos por países,datos por países
datos postales,datos postales
datos privados,datos privados
datos públicos,datos públicos
datos sanitarios,datos sanitarios
datos semánticos,datos semánticos
datos sintéticos,datos sintéticos
datos tiempo real,datos tiempo real
datos turísticos,datos turísticos
datos UNE,datos UNE
datos.gob.es,datos.gob.es
DCAT,DCAT-AP
DCAT-AP,DCAT-AP
decálogo,decálogo
decretos,decretos
Deep Learning,deep learning
deep learning,deep learning
Déficit/superávit público,déficit/superávit público
democracia,democracia
demografía,Demografía
Deporte,Deporte
deporte,Deporte
deportes,Deporte
depuración de datos,depuración de datos
derecho,derecho
derechos digitales,derechos digitales
Desafío Aporta,Desafío Aporta
desarrollo,desarrollo
desarrollo de aplicaciones,desarrollo de aplicaciones
desarrollo sostenible,desarrollo sostenible
descargas,descargas
descubre,descubre
desempleo,desempleo
DESI,DESI
desigualdad,desigualdad
desploblación,despoblación
Despoblación,despoblación
despoblación,despoblación
Deuda pública,deuda pública
developing countries,
DEVTA,DEVTA
Deyde,DEYDE
DGA,DGA
DGT,DGT
Día de los Datos Abiertos,datos abiertos
Diccionario de datos,diccionario de datos
diesel,diesel
diesel o gasolina,diesel o gasolina
digital,digital
digital diplomacy,
Digital Fems,
digital government,
digital transformation,
digitalización,digitalización
diplomacia digital,diplomacia digital
diputación barcelona,Diputación de Barcelona
diputación castellón,Diputación de Castellón
Diputación de Badajoz,Diputación de Badajoz
Diputación de Barcelona,Diputación de Barcelona
Diputación de Castellón,Diputación de Castellón
diputaciones,diputaciones
Dirección General del Dato,Dirección General del Dato
direcciones,direcciones
direcciones postales,direcciones postales
Directiva Europea,directiva europea
Directiva europea,directiva europea
Directorio,directorio
discapacidad,discapacidad
Diseños,diseños
dispositivo móvil,dispositivo móvil
divulgación,divulgación
DMS,DMS
docencia,docencia
Documentación,documentación
documentación,documentación
documental,documental
documento,documento
documents,
dones,
dron,drones
drones,drones
DSBA,DSBA
earth observation,
Economía,Economía
economía,Economía
economía circular,economía circular
Economía del dato,economía del dato
economía del dato,economía del dato
Economía Internacional,economía internacional
económico,económico
Economics,
economy,
ecosistema,ecosistema
EDA,EDA
edad,edad
edge computing,
Edge cumputing,
EDI,EDI
Edificios,edificios
EDP,EDP
Educación,Educación
Education,
education,
Educativo,Educación
Educawood,
Edward Tufte,
eficiencia,eficiencia
El Portal Europeo de Datos Abiertos publica el segundo volumen de su Observatorio de Casos de Uso,
el precio de la gasolina,el precio de la gasolina
elearning,elearning
elecciones,elecciones
electricidad,electricidad
ELI,ELI
emergencias,emergencias
emisiones,emisiones
empleo,Empleo
employment,
emprendimiento,emprendimiento
empresa,empresas
empresa pública,empresa pública
empresas,empresas
empresas infomediarias,empresas infomediarias
empresas reutilizadoras,empresas reutilizadoras
EMT,EMT
EMT Madrid,EMT
enajenación,enajenación
Encuento Aporta,encuentros Aporta
encuentro,encuentro
Encuentro Aporta,encuentros Aporta
encuentro aporta,encuentros Aporta
encuentro nacional,encuentro nacional
encuentro-de-iniciativas-open-data,encuentro nacional
encuestas,encuestas
Encuestas de Opinión,encuestas
Energía,Energía
energía,Energía
energía solar,energía solar
energy,
engineeri,
english,
enlazado,enlazado
Entidades Locales,entidades locales
entidades locales,entidades locales
entrevista,entrevistas
entrevistas,entrevistas
Environment,
environment,
environmental data,
eoi,EOI
epa,EPA
epidemias,epidemias
erremotos,terremotos
ESA,ESA
Escocia,Escocia
Escuelas,escuelas
ESO,ESO
espacio de datos,espacios de datos
espacios de datos,espacios de datos
España,España
españa,España
España. ASEDIE,
ESRI,ESRI
estacion,estación
estadistica,estadística
Estadística,estadística
Estándares,estándares
estándares,estándares
Estándares. sector público,estándares
Estonia,Estonia
estrategia,estrategias
estrategia europea de datos,estrategias
estrategias,estrategias
estrategías,estrategias
estrella,estrella
estudio,estudio
ética,ética
EU,EU
EU Datathon,datathon
EU Dataviz,
EU Open Data Days,open data
Europa,Europa
Europa Digital,Europa
Europa Press,Europa Press
Europe,
europe,
Europea,europea
europea,europea
European Data Forum,
European Data Portal,European Data Portal
european data regulation,
European Union,
european union,
European Union Open Data Portal,European Data Portal
Eurostat,Eurostat
Euskadi,Euskadi
evaluación RD,evaluación RD
evapotranspiración,evapotranspiración
event,
evento,eventos
eventos,eventos
events,
exclusión social,exclusión social
Exploratory Data Analysis,
exploratory data analysis,
exportaciones,exportaciones
exposicion,exposición
Facebook,Facebook
facebook,Facebook
factura de la luz,Energía
FAIR principles,
Familia,familia
fao,FAO
farmacias,farmacias
Faros,faros
febrero 2018,
federación,federación
federador,federador
feedback,
feminismo,feminismo
FEMP,FEMP
festival,festivales
festivales,festivales
Fianzas,
fichero de asociaciones,
financiación,financiación
financiero,financiero
finanzas,finanzas
fine-tuning,
FINODEX Project,FINODEX
FIREWARE,FIWARE
Fiscal,fiscal
fitosanitarios,fitosanitarios
Fiware,FIWARE
FlowDocumentReader,
fondos,
Fondos de inversión,fondos de inversión
Formación,formación
formación,formación
formato no propietario,formato no propietario
formatos,formatos
formulario,formulario
Foro de Datos Europeo,Foro de Datos Europeo
Foro Económico Mundial,Foro Económico Mundial
foros,foros
foto,fotografías
fotografia,fotografías
fotografías,fotografías
Fototeca,fototeca
Fráncfort,Frankfurt
franquismo,franquismo
funcionalidades,funcionalidades
functional,
fundacion,fundación
fundación,fundación
Fundación Cotec,Fundación Cotec
Fundación Telefónica,Fundación Telefónica
fútbol,fútbol
Gaia-X,Gaia-X
Gamificación,gamificación
Ganadería,ganadería
gas y electricidad,gas y electricidad
gasoil,gasoil
gasolina,gasolina
gasolinera,gasolineras
gasolineras,gasolineras
gasolineras baratas,gasolineras
gasolineras cercanas,gasolineras
gasolineras en España.,gasolineras
gasto público,gasto público
GBIF,GBIF
GDPR,GDPR
gencat,
generalitat,Generalitat de Catalunya
Generalitat Valenciana,Generalitat Valenciana
Generative AI,generative AI
gènere,
género,género
genovès,
Geodesia,geodesia
geoespatial,
geografía,geografía
geographic data,
geolocalización,geolocalización
geomática,geomática
Geoportal,geoportal
geoposicionamiento,geoposicionamiento
Georgia,Georgia
GeoSapiens,
geospatial data,
gestión datos,gestión de datos
gestión de datos,gestión de datos
gestión del riesgo,gestión del riesgo
gestoras de datos,gestoras de datos
gijon,Gijón
gijón,Gijón
Gipuzkoa,Gipuzkoa
GIS,GIS
gis,GIS
GLAM,GLAM
global,global
Global Data Barometer,Global Data Barometer
glosario,glosario
glossary,
glp,GLP
GNOSS,GNOSS
gobernanza,gobernanza
gobernanza de datos,gobierno del dato
gobierno,gobierno
Gobierno Abierto,gobierno abierto
gobierno abierto,gobierno abierto
Gobierno abierto    BigData       Bases de datos,gobierno abierto
gobierno Aragón,Gobierno de Aragón
Gobierno de Aragón,Gobierno de Aragón
gobierno de Aragón,Gobierno de Aragón
Gobierno de Canarias,Gobierno de Canarias
Gobierno de datos,gobierno del dato
Gobierno de Islas Baleares,Gobierno de Islas Baleares
Gobierno de La Rioja,Gobierno de La Rioja
Gobierno de la Rioja,Gobierno de La Rioja
Gobierno del dato,gobierno del dato
gobierno del dato,gobierno del dato
gobierno digital,gobierno digital
gobierto,gobierno
GODAN,GODAN
Godan,GODAN
gomez,
Google,Google
Google analytics,Google
Google Maps,Google
Gov,
governance,
government,
Government of Aragón,
GovLab,GOVLAB
GPS,GPS
GPT-3,GPT-3
GPT-4,GPT-4
gráficos,gráficos
gráficos y mapas,gráficos y mapas
grafos de conocimiento,grafos de conocimiento
grafos RDF,grafos RDF
Gran,Gran Bretaña
Gran Bretaña,Gran Bretaña
Granada,Granada
GraphQL,GraphQL
group,
grupo,grupo
Grupo de Ingeniería Ontológica de la Universidad Politécnica de Madrid,
grupo de trabajo,grupo de trabajo
gtfs,GTFS
guaguas,guaguas
guaguas municipales,guaguas
guantees,
guerra civil,guerra civil
guía,guías
guías,guías
guide,
habilidades digitales,habilidades digitales
Hacienda,Hacienda
hackathon,hackathon
Hackathon Lovers,hackathon
hackathons,hackathon
hackaton,hackathon
hash,hash
HD Meteo,
health,
Health and wellbeing,
healthcare,
heatlh data,
herramientas,herramientas
high value data,
High-value data,
high-value data,
historia del arte,historia del arte
hockey,hockey
Holanda,Holanda
horarios,horarios
hospital,hospitales
hospitales,hospitales
house,
HPC,HPC
html,HTML
Huawei,Huawei
huella de carbono,huella de carbono
HVD,HVD
HVDs,HVD
hvds,HVD
IA,IA
IA generativa,IA
iate,
ICAC,ICAC
IDE,IDE
ideas,ideas
IDEE,IDEE
IEEE,IEEE
iese,IESE
IGN,IGN
IGN. CNIG,IGN
ignasi,
igualdad,igualdad
igualdad de genero,igualdad
igualtat,
II Plan de Acción,planes de acción
III Conferencia Internacional de Datos Abiertos,conferencias
iluminacióm,iluminación
imagen,imágenes
imagen médica,imágenes
imágenes,imágenes
imágenes satélite,imágenes satélite
ImageNet,ImageNet
iMar,iMar
Impact,
Impacto,impacto
impacto,impacto
impuestos,impuestos
INAP,INAP
incendios,incendios
inciativas open data,inciativas open data
incidencias,incidencias
India,India
Indicadores de Desarrollo Digital,indicadores
Indicadores de Producción y Demanda Nacional,indicadores
índice DESI,índices
índice OURdata,índices
indices,índices
índices,índices
Industria,Industria
industria 4.0,Industria
industrial,industrial
INE,INE
ine,INE
Inflación,inflación
infografía,infografías
infografías,infografías
infography,
infomediario,infomediario
infomediarios,infomediario
infomediary sector,
información,información
información de empresas,información de empresas
Información fitosanitaria,información fitosanitaria
información geográfica,información geográfica
informacion publica,informacion publica
Informe,informes
informe,informes
Informe Sociedad Digital en España,informes
informes,informes
informes económico,informes económico
infraestructura,infraestructuras
infraestructuras,infraestructuras
infraestructuras de salud,infraestructuras
ING,ING
ingeniería,ingeniería
ingeniero de datos,ingeniero de datos
Iniciativa Aporta,Iniciativa Aporta
Iniciativas,iniciativas
iniciativas,iniciativas
Iniciativas datos abiertos,iniciativas de datos abiertos
iniciativas de datos,iniciativas de datos abiertos
iniciativas open data,iniciativas open data
iniciatives,
inmobiliaria,inmobiliarias
inmobiliarias,inmobiliarias
inmuebles,inmuebles
innovacion,innovación
innovación,innovación
innovation,
inscripciones,inscripciones
INSPIRE,INSPIRE
Inspire,INSPIRE
Instagram,Instagram
instituto,
Instituto Geográfico Nacional,Instituto Geográfico Nacional
Instituto Nacional de Estadísticas,Instituto Nacional de Estadística
Inteligencia Artificial,inteligencia artificial
inteligencia artificial,inteligencia artificial
inteoperability,
inteorperabilidad,inteorperabilidad
intercambio de datos,intercambio de datos
intermediarios de datos,intermediarios de datos
internacional,internacional
international,international
International Data Spaces,International Data Spaces Association
International Data Spaces Association,International Data Spaces Association
international summit,
Interned de las Cosas,internet de las cosas
Internet,internet
Internet de las Cosas,internet de las cosas
internet de las iosas,internet de las cosas
interoperabilidad,interoperabilidad
interoperabilidad semántica,interoperabilidad semántica
interoperability,
interview,
inundaciones,inundaciones
Investigación,investigación
investigación,investigación
IODC,IODC
IODC 2016,IODC
ios,IOS
IoT,IoT
iot,IoT
IPC,IPC
iphone,iPhone
Islas Baleares,Islas Baleares
ISO,ISO
Istac,ISTAC
istac,ISTAC
Italia,Italia
Jacathon,Jacathon
jaen,Jaén
JavaScript,javascript
JIIDE,JIIDE
Jornada,jornadas
Jornada Aporta,jornadas Aporta
jornadas,jornadas
Jornadas Aporta,jornadas Aporta
jóvenes,jóvenes
JSON,JSON
Juan March,
juego filarmónico,juegos
Juegos,juegos
junio,
junta castilla y león,Junta de Castilla y León
Junta de Andalucia,Junta de Andalucia
Junta de Castilla y León,Junta de Castilla y León
jurado,jurado
Justice,
justice,
Justicia,justicia
justicia social,justicia social
Justicia y Sociedad,justicia y sociedad
justicia y sociedad,justicia y sociedad
juventud,juventud
kable,Kable
Kaggle,Kaggle
KDD,KDD
kilometro,kilómetro
knowledge,
knowledge graphs,
l,
La Palma,La Palma
la palma,La Palma
La Rioja,La Rioja
lab,
land,
LAPSI,LAPSI
leaders network,
Lector,Lector
Legal,legal
legal,legal
legal tech,
Legislación,legislación
legislación,legislación
Legislación y Justicia,Legislación y justicia
Legislación-justicia,Legislación y justicia
Legislation,
Legislation and Justice,
lenguaje natural,lenguaje natural
lenguajes de programación,lenguajes de programación
Ley,legislación
Ley de Datos,Ley de Datos
L'Hospitalet,L'Hospitalet
librerías,librerías
librerías de APIs,librerías de APIs
libros,libros
Licencias,licencias
licencias,licencias
Licitaciones,licitaciones
licitaciones,licitaciones
LIDAR,LIDAR
life,
lineas,líneas
líneas de acción,líneas de acción
linguistic corpora,
linked,linked data
Linked Data,linked data
linked data,linked data
Linked Open Data,linked data
Linked-data,linked data
LinkedIn,LinkedIn
LinkedOpenData,linked data
Linknovate,Linknovate
Literatura,literatura
Litoral,litoral
Lituania,Lituania
LLM,LLM
Locales,locales
localizar biblioteca,localizador
localizar bibliotecas,localizador
LODI,LODI
londres,Londres
Looker Studio,Looker Studio
LOPD,LOPD
lorca,Lorca
luz,luz
MAB,MAB
Machine Learning,machine learning
Machine learning,machine learning
machine learning,machine learning
MADdata,MADdata
Madrid,Madrid
madrid,Madrid
Madrid central,Madrid
magrama,MAGRAMA
Málaga,Málaga
Maldita.es,Maldita.es
MAMD,MAMD
maneja,maneja
mantenimiento,mantenimiento
manual,manual
mapa,mapas
mapa de datos,mapa de datos
mapas,mapas
Mapas de España,mapas
mapeo,mapeo
mar,mar
mar cantábrico,mar
Marcas,marcas
mareas,mareas
marketing,marketing
Martín Álvarez Espinar,
marzo 2016,
marzo 2018,
materiales informativos,materiales informativos
materiales-audiovisuales,materiales audiovisuales
matriculas,matrículas
maza,
MEB,MEB
medialab,Medialab-Prado
Medialab Prado,Medialab-Prado
Media-Lab Prado,Medialab-Prado
Medialab-Prado,Medialab-Prado
medicamentos,medicamentos
medicamentos. datos de salud,medicamentos
medicina,medicina
medicina predictiva,medicina
medición,medición
Medio Ambiente,Medio ambiente
Medio ambiente,Medio ambiente
medio ambiente,Medio ambiente
Medio Rural,Medio Rural
Medio rural,Medio Rural
medioambiente,Medio ambiente
medios de comunicación,medios de comunicación
medusas,medusas
menores,menores
mercado,mercado
mercado laboral,mercado laboral
mercado único de datos,mercado único de datos
mercado único digital,mercado único digital
Mercados,mercados
mercados,mercados
Mercados Municipales,mercados
mercantil,mercantil
meta,meta
metadata,
metadatos,metadatos
meteo,meteorología
Meteo La Palma,meteorología
Meteorología,meteorología
Meteorológico,meteorología
metodología,metodología
metro,metro
miami,Miami
Microsoft,Microsoft
Miguel de Cervantes,
mineria,minería de datos
mineria de datos,minería de datos
ministerio,ministerio
Ministerio de Fomento,Ministerio de Fomento
Ministerio de Justicia,Ministerio de Justicia
ministerio del interior,Ministerio del Interior
Ministerio para la Transción Ecologica y el Reto Demográfico,Ministerio para la Transición Ecológica y el Reto Demográfico
Ministerio para la Transición Ecológica y el Reto Demográfico,Ministerio para la Transición Ecológica y el Reto Demográfico
Ministry for Ecological Transition and Demographic Challenge,
minorías,minorías
Minutas,minutas
MIP,MIP
modelo,modelo
modelos de evaluacion,modelos de evaluacion
modelos de negocio,modelos de negocio
modelos de segmentación,modelos de segmentación
modelos predictivos,modelos predictivos
monográficos,monográficos
Montevideo,Montevideo
MOOC,MOOC
MooCs,MOOC
mosquitos,mosquitos
Movilidad,movilidad
movilidad,movilidad
movilidad reducida,movilidad reducida
mujeres,mujeres
multas,multas
mundo,mundo
municipal,municipal
municipios,municipios
murcia,Murcia
museo de america,Museo de América
Museo del Prado,Museo del Prado
Museos,museos
Música,música
música,música
MyDataQ,MyDataQ
Nacionales,nacionales
Nasa,NASA
national meeting,
natural language processing,
naturaleza,naturaleza
Navarra,Navarra
navegación,navegación
negocio,negocios
Negocios,negocios
negocios,negocios
Netflix,Netflix
network,
newsletter,
NLP,NLP
Node-RED,Node-RED
nombres,nombres
nombres de calle,
nomenclàtor,nomenclátor
noms de carrer,
nonce,nonce
Norma,
norma técnica,normas técnicas
normas,normas
normas técnicas,normas técnicas
normas UNE,normas UNE
normas une,normas UNE
Normativa,normativas
normativa,normativas
Normativas,normativas
normativas,normativas
normative,
norte,norte
novedades,novedades
NTI,NTI-RISP
NTI-RISP,NTI-RISP
Nutrición,nutrición
nutrición,nutrición
Objetivos de Desarrollo Sostenible,Objetivos de Desarrollo Sostenible
observación de la Tierra,observación de la Tierra
observación de la tierra,observación de la Tierra
observatorio de datos abiertos y transparencia,transparencia
OCDE,OCDE
ocde,OCDE
octubre,
octubre 2017,
ODI,ODI
ODS,ODS
oecd,OECD
OEG-UPM,OEG-UPM
oepm,OEPM
oficial,oficial
Oficina,
Oficina del Dato,Oficina del Dato
OFICINA ESPAÑOLA DE PATENTES Y MARCAS,Oficina Española de Patentes y Marcas
OGC,OGC
ogov,OGOV
OKFN,OKFN
OKFN España,OKFN
OKFN Spain,OKFN
Oklahoma,Oklahoma
olavide,
online,
ontologia,ontologías
ontologías,ontologías
ontology,
ONTSI,ONTSI
ONU,ONU
open,
open cities,
Open Coast,
open code,
open data,open data
Open Data Barcelona,
Open Data Barometer,Open Data Barometer
Open Data BCN,
Open Data charter,
Open Data Day,
Open Data Days,
open data initiatives,
Open Data Maturity,Open Data Maturity
Open Data Policy Lab,Open Data Policy Lab
open data portal,
open economy,
open goverment,
open government,
Open Government Data,
Open Government Partnership,
open linked data,
open research data,
open science,
open source,
Open Summer of Code,
OpenAIRE,OpenAIRE
OpenData,
open-data,
OpenExpo Europe 2018,
oposición,oposición
Oregon,Oregon
Organizaciones,organizaciones
Ortofotos,ortofotos
Oscar,
outreach,
outsourcing,
Oxford Insights,Oxford Insights
pablo,
Pacto Verde,Pacto Verde
Pacto verde,Pacto Verde
padrón,padrón
pais,
país vasco,País Vasco
países en vías de desarrollo,países en vías de desarrollo
Pamplona,Pamplona
paneles solares,paneles solares
paradas de autobús,paradas de autobús
parados,parados
paridad,paridad
paritat,
paro,paro
Parques,parques
Parquet,Parquet
parquing,aparcamiento
Parsec,Parsec
Participación ciudadana,participación ciudadana
Patentes,patentes
Patrimonio,patrimonio
Patrimonio Natural,patrimonio natural
patronal,patronal
Peridismo de datos,periodismo de datos
periodismo,periodismo
periodismo de datos,periodismo de datos
personalización,personalización
Personas con discapacidad,personas con discapacidad
Pesca,pesca
pesca,pesca
Phyton,Phyton
PIB,PIB
PIB per cápita,PIB
pintura,pintura
plagas,plagas
plagas agrícolas,plagas
Plan de Gestión de datos,plan de gestión de datos
Plan RISP,plan RISP
plan tecnológico,plan tecnológico
plantas,plantas
plataforma colaborativa,plataforma colaborativa
plataforma web,plataforma web
plataformas,plataformas
playas,playas
PLN,PLN
pln,PLN
PNL,PLN
PNOA,PNOA
población,población
población activa,población
podcast,podcast
polideportivos,polideportivos
Politecnica,
política de datos,política de datos
Políticas,políticas
Politólogos,politólogos
polución,polución
portal,portales
portal de estadísticas,portales
Portal Europeo de Datos,European Data Portal
portal europeo de datos,European Data Portal
portal investigación extremadura,portales
portales,portales
Portugal,Portugal
Potencial solar,potencial solar
ppsrc,PPSRC
prado,
precio,precios
precio carburante,precio del carburante
precio combustible,precio del carburante
precio de la gasolina,precio del carburante
precio del carburante,precio del carburante
Precios,precios
precios,precios
Precios y Costes,precios
Predicción Marítima,predicción marítima
predictive analytics,
pre-eventos,eventos
Premio,premios
Premios,premios
premios,premios
Premios Aporta,premios Aporta
premios Aporta,premios Aporta
presión fiscal,presión fiscal
Presupuestos,presupuestos
Primera edición MTN50,
principios FAIR,principios FAIR
privacidad,privacidad
privacy,
prizes,
procesamiento de datos,procesamiento de datos
procesamiento del lenguaje natural,procesamiento del lenguaje natural
procesamiento lenguaje natural,procesamiento del lenguaje natural
Procomún,Procomún
Producción industrial,producción industrial
productos de datos,productos de datos
productos fitosanitarios,productos fitosanitarios
programa ISA,programa ISA
programación en R,programación en R
project,
ProjetsbyIF,ProjetsbyIF
propiedad,propiedad
protección de datos,protección de datos
protección solar,protección solar
prototipos,prototipos
provincias,provincias
provisión de servicios,provisión de servicios
Proyecto HOMER,proyecto HOMER
Proyecto MIPs,proyecto MIPs
proyectos,proyectos
psi,PSI
Pubby,Pubby
public administrations,
Public Sector,
public sector,
Public Sector Information,
publicación de datos,publicación de datos
publicadores,publicadores
publico,público
publishers,
puertos,puertos
Puertos de España,puertos
Puertos del Estado,puertos
Puntos,
puntos de acceso,puntos de acceso
puntos limpios,puntos limpios
puntos limpios de Madrid,puntos limpios
Python,Python
python,Python
R,R
radares,radares
RAG,RAG
ranking,ranking
ránking,ranking
Rating,rating
RDF,RDF
re3data.org,re3data.org
REA,REA
Real Decreto,Real Decreto
Real Observatorio de Madrid,Real Observatorio de Madrid
realidad aumentada,realidad aumentada
recetas,recetas
reciclaje,reciclaje
recomendaciones,recomendaciones
recursos,recursos
red,red
Red Sísmica,red sísmica
Red.es,Red.es
red.es,Red.es
redes,redes
redes sociales,redes sociales
Refugiados,refugiados
regadío,regadío
regidores,regidores
Regiones 2030,Regiones 2030
registro de asociaciones,registro de asociaciones
registro partidos políticos,registro de partidos políticos
Reglamento,
reglamento de datos,reglamento de datos
regulación,regulación
Regulation,
regulation,
regulations,
Reino,
Reino Unido,Reino Unido
Religión,religión
rendición de cuentas,rendición de cuentas
Renfe,Renfe
renta,renta
rentas,renta
Report,
report,
reporting,
reports,
repositorio,repositorios
repositorios,repositorios
repostaje,repostaje
reposteria,reposteria
research,
residuos,residuos
resources,
resultados,resultados
resultados electorales,resultados
reto,retos
retos,retos
retribuciones,retribuciones
reuniones,reuniones
reuse,
re-use,
re-use of public information,
reuse. sustainability,
reusers,
reutilizacion,reutilización
Reutilización,reutilización
reutilización,reutilización
reutilización datos,reutilización
reutilización de información pública,RISP
reutilizadores,reutilizadores
revistas,revistas
riego,riego
riesgos,riesgos
riesgos comerciales,riesgos comerciales
Riga,Riga
RIPS,RISP
RISP,RISP
risp,RISP
R-ladies,R-ladies
robótica,robótica
RT,
rugby,rugby
running,running
Rural,rural
ruta,rutas
rutas,rutas
rutas accesibles,accesibles
safe rooms,
Salamanca,Salamanca
salas seguras,salas seguras
Salud,Salud
salud,Salud
salud Andalucía,Salud
Salud y Bienestar,Sociedad y bienestar
sanidad,sanidad
Santiago,Santiago de Compostela
Santiago de Compostela,Santiago de Compostela
Science and Technology,
SDG,SDG
SEAD,SEAD
SEAP,SEAP
search,
secciones,secciones
sector,sectores
Sector Exterior Español,sector exterior español
Sector infomediario,sector infomediario
sector jurídico,sector jurídico
sector marítimo,sector marítimo
Sector Monetario Financiero y Bursátil,sector monetario financiero y bursátil
Sector privado,sector privado
sector privado,sector privado
sector publico,sector público
Sector público,Sector público
sector público,Sector público
Sectores,sectores
SEGITTUR,SEGITTUR
seguridad,Seguridad
Seguridad Social,Seguridad Social
semana de la administración abierta,
Semana Santa,Semana Santa
semantica,semántica
semántica,semántica
SEMIC,SEMIC
seminario,seminarios
seminarios,seminarios
senderismo,senderismo
SEPE,SEPE
sequía,sequía
servicio,servicios
servicios,servicios
servicios empresariales,servicios empresariales
servicios públicos,servicios públicos
sesion,sesión
Sevilla,Sevilla
sevilla,Sevilla
Share PSI 2.0,Share-PSI 2.0
Share-PSI 2.0,Share-PSI 2.0
SICARM,SICARM
SIG,SIG
siglo XVII,
Silvicultura,silvicultura
silvicultura,silvicultura
simulador,simulador
Sindicatura de Comptes de la Comunitat Valenciana,Sindicatura de Comptes de la Comunitat Valenciana
Sismología,sismología
SLM,SLM
smart agriculture,
smart app city,
smart cities,smart cities
Smart City,smart cities
Smart Data Models,
social media,
Social Security,
Sociedad,sociedad
sociedad,sociedad
Sociedad civil,sociedad civil
Sociedad y bienestar,Sociedad y bienestar
sociedad y bienestar,Sociedad y bienestar
society,
society and welfare,
Sociólogos,sociólogos
software abierto,software abierto
software libre,software abierto
soporte,soporte
Sostenibilidad,sostenibilidad
sostenibilidad,sostenibilidad
Spain,
spain,
SPARQL,SPARQL
Sparql,SPARQL
Sport,
SQL,SQL
standards,
start-up,start-up
statistical data,
strategy,
Subastas,subastas
subvenciones,subvenciones
summit,
surf,
Sustainability,
sustainability,
Tabulae,Tabulae
talento,talento
taller,talleres
talleres,talleres
tarifas,tarifas
tasa de paro,tasa de paro
taxi,taxi
taxonomías,taxonomías
technologies,
technology,
Tecnología,tecnologías
tecnología,tecnologías
Tecnologías,tecnologías
Tecnologías del Lenguaje. Bilbao,tecnologías
telecomunicaciones,telecomunicaciones
Telecomunicaciones. Catálogos.,telecomunicaciones
teledetección,teledetección
Telefónica,Telefónica
tematica,
temperaturas,temperaturas
tempus3,
tendencias,tendencias
Tenerife,Tenerife
Terremotos,terremotos
The GovLab,GOVLAB
Tiempo,tiempo
tiempo real,tiempo real
tim,
toma de decisiones,toma de decisiones
tools,
toponimia,toponimia
Tourism,
tourism,
tourism data,
trabajo,trabajo
traducción automática,traducción automática
Tráfico,tráfico
tráfico,tráfico
training,
trámites,trámites
transferencias,transferencias
transformación digital,transformación digital
Transparencia,transparencia
transparencia,transparencia
transparency,
Transport,
transport,
Transportation,
Transporte,Transporte
transporte público,transporte público
travel,
tren,tren
trends,
turisficación,turistificación
Turismo,Turismo
turismo,Turismo
Turistificación,turistificación
turmo,
Twitter,Twitter
UC3M,UC3M
ucm,UCM
Ucrania,Ucrania
UE,UE
ue,UE
UN,
UNE,UNE
UNE standards,
uned,UNED
UNICEF,UNICEF
unidades didácticas,unidades didácticas
Unido,Reino Unido
Union Europea,Unión Europea
union europea,Unión Europea
Unión Europea,Unión Europea
United Nations,
universidad,universidades
Universidad de Sevilla,Universidad de Sevilla
Universidad del País Vasco,Universidad del País Vasco
Universidad Politécnica de Madrid,Universidad Politécnica de Madrid
Universidades,universidades
universidades,universidades
Universidata,UniversiDATA
universiData,UniversiDATA
universidata,UniversiDATA
Universitat Politécnica de Valencia,Universitat Politécnica de Valencia
universities,
university,
urban planning,
urban planning and infrastructures,
urbanismo,Urbanismo e infraestructuras
urbanismo e infraestructuras,Urbanismo e infraestructuras
urbanismo e insfraestructuras,Urbanismo e infraestructuras
urchin,
URI,URI
Uruguay,Uruguay
Use cases,
use cases,
vacaciones,vacaciones
valenbisi,
Valencia,Valencia
valencia,Valencia
valladolid,Valladolid
Valor bienes inmuebles urbanos,
valor de los datos,
valor socioeconómico,datos abiertos
Vasco,País Vasco
verano,verano
viaje,viajes
Viajes,viajes
viajes,viajes
vicente,
video,vídeos
vídeo,vídeos
videos,vídeos
vídeos,vídeos
viento,viento
vinicultura,vinicultura
violencia de género,violencia de género
Virtuoso,Virtuoso
Visor,visor
visor de fotos,
visor presupuestario,
Visual Aragopedia,
visualiza,visualizaciones
visualizacion,visualizaciones
visualización,visualizaciones
Visualización de datos,visualizaciones
visualización de datos,visualizaciones
Visualizaciones,visualizaciones
visualizaciones,visualizaciones
visualizaciones de datos,visualizaciones
visualizador de datos,visualizaciones
Visualizar,visualizaciones
visualizations,
vitoria,Vitoria
Vivienda,Vivienda
vivienda,Vivienda
Vizcaya,Vizcaya
vocabularios,vocabularios
votos,votos
Vuelos Históricos,
W3C,W3C
w3c,W3C
waterpolo,waterpolo
weather data,
web,web
web design,
web semántica,web
web3,web
webinar,webinars
webinars,webinars
wellness,
Wendy Carrera,
wifi,
Wikidata,Wikidata
Wikipedia,Wikipedia
working group,
world,
World Bank,World Bank
world wide web,W3C
WWW Foundation,WWW Foundation
Zaragoza,Zaragoza
